标题,用户,点击数
(单调栈)51nod 1215 数组的宽度,qq_41758381,1
android 小米8底部有一大片黑色,qq_35256586,1
Python新手也可以做出超有趣的项目,weixin_44033882,2
tormysql 使用,yangxiaodong88,2
python的模块,weixin_43467083,1
python日志记录错误栈traceback,lilongsy,1
开源跨平台窗口 GuiLite 和 QT 下载安装记录,fripy,1
Redis-紧凑列表源码原理分析,zanpengfei,1
HDU5124 Lines树状数组+离散化处理,lanshan1111,1
42、左旋转字符串,qq_42253147,1
[转]D7000跑焦的问题，困扰了我很久，终于解决了。,djk8888,2
如何将KUX格式转换为MP4格式,qq_43173286,1
大数据告诉你绩优的银行柜员长啥样！,crhacq798,0
想学Java，先从JavaSE开始！,baidu_38868875,1
MQTT 协议,william_jk,3
Java IDE Eclipse 高效开发常用技巧汇总,chuangxin,1
JPA 添加多对多报错 Cannot add or update a child row: a foreign key constraint fails,qq_40990836,1
split(&quot; &quot;)[3].split(&quot;:&quot;)[0];,qq_41815950,2
解决[Err] 1055 - Expression #1 of ORDER BY clause is not in GROUP BY clause and contains nonaggregated,RuigeO,0
日常JS和css小错误总结,weixin_44540616,11
Hibernate 中出现表名(XXX) is not mapped 问题,weixin_43970743,6
03 段描述符和段选择子,lifeshave,3
应付暂估及在途物资科目用法解析,weixin_41333545,4
X270 安装 win7 + ubuntu16.04,mydear_11000,0
用MATLAB玩转机器人--第五章 机器人的数学建模,u013647759,0
firewalld综合实验,weixin_42342456,3
scrapy下载大文件失败问题,zhan006,3
41、和为S的两个数,qq_42253147,0
Java主要API概述，Object，String，日期,qq_39456707,0
python--时间模块,m0_37206112,1
